<?xml version="1.0" encoding="UTF-8"?>
<!DOCTYPE suite SYSTEM "https://testng.org/testng-1.0.dtd">
<suite parallel="classes" name="Suite">
	<test thread-count="5" parallel="classes" name="Test">
		<classes>
			<class name="testcases.TC001LoginPage" />
			<class name="testcases.TC002CreateLead" />
			<class name="testcases.TC003EditLead" />
			<class name="testcases.TC0004MergeLead" />
			<class name="testcases.TC0005DeleteLead" />

		</classes>
	</test> <!-- Test -->
</suite> <!-- Suite -->
